BinBase name,GC1,GC2,GC3,GC4,GC13,GC14,GC15,GC16,GC5,GC6,GC7,GC8,GC9,GC10,GC11,GC12,GC17,GC18,GC19,GC20,GC21,GC22,GC23,GC24
xylulose NIST,50,40,47,258,49,52,89,66,662,1492,975,503,674,723,318,305,271,448,69,1187,450,486,402,530
xylose,190,100,288,281,121,155,221,146,4426,6836,3469,2487,2054,1986,2342,2500,1537,1661,2606,2874,1276,1582,1688,1728
urea,697,492,925,1023,398,1086,723,783,194,570,553,304,5626,3421,5460,3959,1051,960,378,610,5140,5111,5580,4922
threonic acid,77,56,109,89,41,73,60,111,1840,3700,1828,1507,2243,2062,733,923,644,643,1860,2038,1124,914,1596,1527
threitol,85,80,153,107,113,115,57,79,628,859,411,341,382,326,271,261,338,366,456,477,304,273,340,291
tagatose,51,50,106,72,48,46,72,74,132,359,722,588,578,469,61,102,68,107,901,1550,167,126,65,111
sucrose,75,92,135,75,85,131,110,56,1324,1889,1469,1339,1592,2109,4866,4557,2593,2485,1053,1263,5675,6198,1208,1161
succinic acid,142,103,174,218,116,133,164,111,285,474,337,251,252,225,125,150,160,174,287,202,179,248,262,206
stearic acid,84518,50416,104188,100460,62246,84119,92513,66186,85385,72343,67841,68331,85222,71395,80364,82207,107974,98447,67962,65407,107998,96152,74010,79905
sorbitol,3132,6704,35968,32981,5121,6900,26631,24598,32432,33303,24418,25216,30327,26907,22124,18896,11086,12291,27744,28665,36323,32089,32620,29220
shikimic acid,95,75,171,109,161,193,175,55,572,843,687,571,452,426,641,476,743,782,733,646,543,702,645,657
sebacic acid,1788,1512,2826,3057,1643,1896,2177,1801,2040,1981,1696,2092,2131,2095,2199,1919,2584,2476,1864,1684,2805,2824,2224,2063
ribose,47,48,96,87,48,75,85,87,15794,22653,9901,7384,10089,10065,5134,4855,8424,9094,10598,11558,9219,10280,7540,7630
ribonic acid,96,62,65,115,69,78,64,62,202,488,333,295,201,287,162,103,128,62,412,468,165,229,230,227
ribitol,37,31,75,166,39,81,116,63,995,1228,765,630,559,486,447,519,553,455,984,1170,345,446,629,547
propane-1,1282,833,1765,1902,1053,1103,1425,1146,1163,965,925,1046,1121,1357,1352,1279,1499,1665,1026,663,1719,1864,1200,1229
phosphate,722,1072,110,104,128,896,133,91,1095,102,70,83,140,89,128,161,562,989,109,78,151,138,244,142
pentitol,51,62,91,106,55,84,37,29,161,224,83,58,87,97,75,79,47,155,22,78,188,86,109,84
pelargonic acid,13496,6555,7362,13342,6257,9929,5887,7711,15300,4995,10024,7707,10617,6944,7657,7400,9395,8922,7092,6292,20823,11221,9155,7950
palmitic acid,11509,8288,17840,16451,8810,12240,13395,10218,14488,13124,10697,11848,15038,12417,13807,14344,16082,16228,11259,11451,17519,16450,12655,12958
oxoproline,81,88,113,92,159,88,153,82,408,334,206,306,426,455,444,354,247,263,217,213,257,263,460,313
oleic acid,84,103,28,114,136,95,194,483,167,196,176,143,139,120,148,67,171,216,120,122,123,113,162,81
octadecanol,128,2560,254,269,113,161,197,138,120,176,183,198,358,150,299,208,290,227,271,127,220,272,179,209
N-acetyl-D-hexosamine,794,143,172,207,447,1461,127,97,1008,1102,201,248,105,332,72,390,363,502,485,374,314,394,155,520
myristic acid,6509,4827,9147,9646,3868,6729,6122,5592,11290,5222,5239,5125,6877,5489,5831,6497,7381,7681,5838,4403,14445,7370,5405,5502
myo-inositol,318095,408503,206941,172498,401367,317805,304611,356942,303367,108616,354365,410666,330206,345535,328175,382089,460464,421980,453766,313743,390273,410207,346797,339007
methyltetrahydrophenanthrenone NIST,1448,2085,4607,4270,1141,2035,2042,1366,3382,2250,1191,3206,2275,2440,3505,2675,2188,2314,1720,1574,4039,2160,2097,1796
maltotriose,90,51,91,149,39,40,132,47,147,146,94,105,87,96,104,89,133,87,126,38,105,145,145,110
maltose,170,91,213,169,136,137,135,159,4483,6679,4124,3043,1879,2156,2176,2288,1542,1653,4633,5267,1388,3605,2785,2542
maltitol,67,60,91,115,81,49,78,74,136,271,122,138,138,115,95,33,90,84,117,70,104,186,166,159
malic acid,66,59,113,82,64,64,55,62,218,396,194,165,232,96,180,119,98,66,371,322,166,92,331,202
levoglucosan,58,65,101,78,82,119,72,67,343,430,198,191,196,236,207,204,299,169,199,160,357,181,170,226
lauric acid,9383,4937,6063,11184,3001,9657,3103,8323,9461,4380,7161,3935,6708,4669,3411,4296,4755,6517,4778,3658,25300,4341,3892,3429
lactose,134,109,162,243,95,160,166,179,1846,2557,1235,820,571,930,559,668,637,723,1160,1278,626,587,755,804
lactitol,81,99,65,87,48,73,84,51,146,259,29,90,111,52,138,57,148,51,123,125,119,134,87,86
lactic acid,299,471,899,751,433,621,453,704,624,637,577,581,817,688,638,620,847,880,463,488,895,962,590,662
hydroxylamine,182095,127482,251295,280982,146737,169447,197696,172140,169351,140992,137523,161260,173442,183992,182310,176704,205271,230422,144586,114151,256750,253884,170589,178726
hydroxycarbamate NIST,467,286,632,704,307,610,528,493,479,471,395,423,498,496,377,414,440,496,390,493,587,622,599,394
heptadecanoic acid,1248,828,1700,1627,853,1298,1252,1041,1677,1602,1254,1326,1412,1331,1332,1558,1512,1611,1328,1196,1711,1443,1115,1266
glycyl proline,72,59,321,255,66,89,204,178,818,983,551,486,487,425,452,398,541,636,600,697,562,607,599,548
glycolic acid,1453,973,935,1306,579,1181,1274,1420,2737,2967,2289,1505,2962,1648,1414,1695,1353,2543,1715,2616,3780,2668,1506,2142
glycine,131,93,63,193,68,92,144,56,71,89,62,71,36,74,90,70,53,79,100,14,136,86,98,61
glycerol-3-galactoside,84,83,206,272,30,127,212,168,18494,21806,17672,14377,11119,11148,13044,12885,13120,13188,21640,22804,10537,11084,18961,18205
glycerol,25424,35774,1935,2277,22269,32809,1013,1690,6049,6902,4669,3322,15581,15971,12890,14270,6192,5975,3659,3805,9850,10456,12765,12938
glyceric acid,94,85,107,255,47,81,132,82,1250,2666,2600,2035,1856,1788,1085,1114,422,320,3660,3832,1023,959,2550,2525
glucose,359,306,1149,1129,210,434,736,644,247407,340895,154671,105066,81595,84939,104596,113514,42507,45117,82204,97151,34662,40614,51429,50004
gluconic acid,61,83,294,227,73,102,141,137,338,413,260,183,189,179,139,149,82,113,353,376,115,202,194,141
glucoheptulose,107,97,119,205,80,71,133,83,321,248,618,224,183,195,243,299,267,303,815,119,165,178,856,654
galactonic acid,51,51,210,142,51,80,132,120,359,497,277,290,209,172,176,203,127,160,393,450,264,233,265,236
galactinol,339,285,528,504,271,359,576,520,16376,20321,25890,22177,10376,10551,20894,18324,14514,12272,29854,31441,10300,10918,26911,24878
fumaric acid,104,72,85,124,67,90,59,94,2941,3859,3115,2296,1645,1569,2452,2171,335,497,2900,3072,739,549,2637,2558
fucose,220,229,263,362,207,262,308,288,4586,6711,3020,2199,2407,2445,1652,1705,1913,1890,3737,4200,1607,1537,2323,2276
fructose,374,1702,2153,1047,143,1184,125,391,585463,706385,723197,715808,766074,768046,765121,712514,670378,684115,669230,821102,611115,639224,780888,786929
erythrose,52,39,96,118,54,67,66,62,1425,1779,702,593,592,505,442,529,460,548,826,777,429,516,585,633
erythritol,27,51,88,75,95,68,85,31,2534,3141,1251,881,1387,1404,773,730,1133,1278,1353,1479,803,918,824,849
dodecanol,148,101,190,211,111,184,210,144,161,185,144,140,80,179,224,170,208,160,147,174,226,244,182,154
dodecanoic acid,71,91,344,378,133,175,250,177,104,85,134,158,177,257,277,183,223,156,104,143,224,106,245,104
dihydroxyacetone,281,45,424,543,198,355,368,287,456,1661,1374,595,1049,875,661,615,425,479,1055,1273,628,844,851,738
deoxypentitol,90,47,115,86,47,50,58,102,1047,1463,694,579,450,518,293,483,387,348,839,660,334,339,532,508
citric acid,76,59,75,112,71,68,61,52,1143,4260,2982,3029,2236,2566,891,670,185,341,6503,3622,558,762,1738,812
capric acid,582,204,518,714,266,652,288,551,427,378,533,255,389,313,355,318,332,506,337,327,890,441,427,274
butyrolactam NIST,166,111,185,249,93,118,150,109,626,975,617,276,299,388,196,367,416,267,452,418,340,375,296,294
beta-gentiobiose,78,44,90,120,64,70,99,71,305,550,218,206,248,271,168,140,155,176,269,308,138,181,158,218
benzoic acid,2961,3079,5269,6435,2349,3692,4208,4026,4010,5019,4627,4179,6068,5249,3557,3594,4210,4870,3955,4285,7211,7008,3831,4376
arachidic acid,602,348,779,815,621,652,823,572,633,456,506,495,634,472,728,636,883,598,500,476,866,706,642,583
adipic acid,235,172,294,333,145,221,332,132,243,238,144,281,238,317,290,173,381,343,171,203,274,360,292,321
6-deoxyglucose,87,83,135,149,40,132,147,91,5071,8336,3440,2469,2432,2450,1799,1977,2783,2891,5228,5698,1707,1852,2728,2690
4-aminobutyric acid,29,58,112,86,67,64,75,63,912,802,537,808,616,840,661,698,656,454,196,489,728,395,611,586
3-hydroxypropionic acid,171,207,315,294,150,178,212,237,1059,1855,1367,773,807,697,680,626,474,500,918,1029,579,611,812,726
3-6-anhydro-D-hexose,46,54,146,134,24,93,98,77,818,604,381,406,567,521,302,269,255,224,432,452,574,614,443,499
3-6-anhydro-D-glucose,114,52,56,350,42,48,178,200,3843,3498,1641,1834,953,947,1397,1320,1104,1220,488,458,767,859,992,951
3-6-anhydro-D-galactose,230,106,315,538,165,154,424,232,11183,12622,3518,3898,4992,5211,4459,4705,2965,3391,3968,4180,5383,5502,4163,4400
2-ketoadipic acid,211,88,441,510,133,156,301,364,335,574,505,310,494,491,353,374,227,269,317,464,494,604,371,346
1-methylgalactose NIST,827,951,1787,488,672,1187,332,475,19953,22706,15704,14936,16263,14671,10774,9571,9438,11105,24605,26777,13784,14732,20151,18359
1-kestose,51,56,125,109,68,43,120,36,196,232,177,127,181,177,107,139,176,141,138,182,205,196,173,246
1-deoxyerythritol,103,95,99,135,72,128,141,70,690,853,403,336,424,421,254,231,257,332,388,436,267,297,247,271
124849,605,643,4362,4265,229,498,2959,3896,1377,4251,6134,2867,3981,4132,586,1055,742,604,2300,3698,3798,5036,1442,1327
124846,1330,2502,14116,13603,1947,2678,10255,9851,1572,650,1375,2371,3048,3199,2330,2400,3042,3583,1322,1370,10816,9131,3543,2956
124845,51,39,104,104,62,37,87,79,3274,5436,3869,3049,2486,2472,2313,2292,904,919,4280,4806,832,1001,3163,3181
124844,9273,4950,9553,8624,5714,7146,6092,6388,12380,9689,5884,4714,4594,4618,6090,6405,8256,8619,5828,5224,4075,4307,6146,6153
124843,971,3125,4891,3891,644,1032,3299,1545,5940,5164,1424,3608,1482,2525,3084,3730,5398,4750,1698,1520,2383,4620,3870,2624
124842,83,106,93,117,55,171,63,41,8880,9161,6997,7444,7673,7688,6200,5502,1506,1678,8081,8274,4061,4392,8211,7667
124497,60,40,190,104,56,172,67,34,405,539,208,240,232,250,261,68,172,305,106,219,158,177,197,206
124293,3153,2593,5159,5472,2503,3550,3917,3257,3521,3008,2836,3391,3564,3595,3625,3297,4221,4344,2865,2672,4999,4733,3530,3320
124283,11902,8357,16640,10954,9993,12365,12747,10750,4537,9012,5144,7818,11102,11107,12631,4764,10976,9944,8828,7020,16650,4127,11509,10559
124110,201,202,116,103,153,233,66,65,1487,2121,1426,1240,691,1014,558,640,537,498,1578,1317,447,606,584,638
122191,343,329,303,451,245,257,188,244,430,232,248,360,312,290,283,283,404,338,84,245,531,366,228,254
121002,928,1218,2413,1976,719,1232,1148,795,1982,1244,695,1915,1091,1172,1944,1539,1152,1080,1010,1008,2621,500,1218,994
120765,645,561,1144,1428,507,966,749,578,975,590,621,817,788,941,1056,904,808,891,832,670,1338,874,502,869
117141,7448,8357,4425,13339,7027,8944,9185,10576,9544,8975,8769,9446,11102,7741,9107,5022,13599,9192,8687,8040,10755,12267,11509,12269
117001,3800,3206,5481,5757,2993,4473,4004,3563,3997,3851,3569,3660,4363,3751,3783,3747,4608,4997,2973,3124,6008,4955,4144,3910
116942,713,460,1937,1785,1221,861,1818,1002,489,226,174,1303,576,918,2034,1046,1520,934,1366,417,1938,1898,928,956
115903,104,181,1434,712,381,193,1036,591,212,80,46,581,304,445,1746,488,687,211,1465,625,584,309,489,421
114253,1712,1094,376,2740,640,1393,1652,1606,1662,3112,1827,2197,1813,2324,1181,1593,1895,1753,2682,1580,2310,4425,1642,1608
113898,86,76,187,68,177,199,169,252,136,65,200,223,64,141,143,64,151,144,172,138,95,220,202,154
113505,4022,4058,5982,5978,2843,4857,3237,3648,4938,5085,3336,3343,3798,3751,3697,4126,5008,5886,3143,3068,4397,4045,3335,3749
113504,4497,3852,7428,8173,3985,5197,5225,4426,4850,4353,3775,4639,5105,4966,4852,4924,5725,6191,4347,3743,6657,6338,5009,5479
113502,5533,4372,9035,9988,5509,6304,6458,5055,5487,4756,4403,5449,5547,5415,5970,5787,6950,7056,5060,4135,7542,7406,5810,6279
111830,23176,13665,53086,51414,19124,19056,36756,27108,8575,9464,16954,21134,30057,31246,22312,22283,21022,24512,23181,18643,58043,47663,26014,23105
111670,1041,860,1950,1805,758,1022,1268,992,936,880,946,1073,1146,1252,979,945,1212,1358,1078,974,1780,1744,991,1034
111057,57,71,204,174,40,66,138,180,6299,7047,5109,9082,10681,9911,10255,8242,3122,3946,6014,4877,8041,8016,8812,7672
110621,135,105,788,694,107,144,566,638,330,139,118,111,272,243,97,128,189,115,85,133,256,342,108,187
109997,355,414,451,473,218,365,294,314,3280,3910,2942,2283,1634,1532,1425,1277,1091,1091,2991,2677,1041,1196,1119,1231
109435,4496,5013,4409,4468,2720,4431,2825,3014,4488,5079,2865,2361,2420,2355,2504,2820,4065,4679,2492,2582,2392,2643,2751,2607
109386,94,48,153,159,44,59,59,67,256,591,531,365,483,479,202,74,148,135,600,609,216,352,284,249
108145,462,409,812,743,348,562,562,401,521,431,364,406,579,495,449,433,662,620,414,433,743,785,501,559
108052,1144,930,1715,1798,989,1360,1357,1068,1316,1162,923,1070,1200,1287,1268,1329,1445,1526,972,1064,1592,1656,1199,1227
106936,205,176,272,331,80,236,227,179,234,208,154,112,179,169,236,157,166,374,94,115,206,251,232,220
106475,104,109,950,585,74,174,222,413,240,228,156,297,480,530,164,445,246,335,263,241,951,832,466,258
106384,446,1069,6224,5342,499,810,4204,5388,449,336,471,962,1480,1221,799,769,986,1070,652,762,4360,3729,1394,1281
105769,61,74,63,121,67,49,74,79,612,659,165,139,216,192,274,261,411,433,190,192,238,256,235,227
105164,1278,1017,1925,1891,1007,1416,1421,1251,1265,1203,1042,1186,1334,1343,1370,1146,1629,1717,1119,1030,1855,1732,1375,1316
105122,3898,4291,5321,4724,2398,3836,3718,2960,5794,4805,1663,2350,4127,3867,4028,5346,5732,6229,2224,2181,5320,5154,5008,4302
105086,91,68,110,135,60,100,94,80,799,427,1873,316,186,305,268,297,314,247,157,262,104,198,246,1263
104106,2286,2359,3513,2661,2005,2570,2380,1802,2460,2315,1870,1650,2840,2564,2341,2809,2794,3402,2060,1932,3240,2976,2471,2250
103690,842,728,1265,1284,590,966,979,799,859,737,609,749,809,935,911,846,1066,1053,665,684,1204,1144,890,896
103476,1658,1511,2187,2309,1426,1536,1802,1328,2983,2134,1306,1771,1697,1630,1953,1993,2733,2790,1327,1252,2011,2326,2703,1936
103390,925,130,1093,841,394,934,948,281,772,320,1701,640,1041,676,744,743,985,1090,745,716,1221,504,812,297
103102,668,611,1113,1373,590,841,870,784,737,610,644,735,784,693,734,870,993,875,625,597,1053,957,822,809
102978,310,306,656,597,274,380,433,356,409,373,261,296,373,407,382,393,453,459,325,325,577,320,416,338
102616,745,402,504,681,617,760,395,345,848,419,271,376,410,406,761,428,1111,1060,313,327,621,619,713,739
100768,226,136,385,313,166,127,229,234,236,295,200,262,240,175,256,212,233,293,196,176,343,173,238,247
100248,76,67,129,135,39,61,72,46,1435,1603,463,390,504,464,565,517,526,532,506,461,349,433,583,557
95552,480,343,584,659,377,459,527,404,402,335,389,392,476,494,518,445,575,748,355,311,616,650,482,498
94922,305,246,1372,823,261,457,618,551,816,655,545,627,813,741,939,860,547,559,969,533,1749,1075,633,648
89383,698,686,1338,1003,672,982,946,647,886,973,785,694,1125,974,855,985,1109,1346,842,809,1372,1159,881,873
89211,77,76,316,221,72,72,147,134,692,596,730,1132,1503,119,1003,788,196,279,506,453,1791,2002,1075,801
89204,1998,107,4718,4679,1860,212,90,2936,37309,36018,31041,28756,41822,37239,29482,25647,7241,8441,36111,38407,21359,21821,23572,20795
89201,21062,18125,36462,36501,17174,23869,25012,22168,136052,63653,104808,109710,125888,113463,96627,83306,17609,18682,121256,120622,82585,81798,135414,122495
88847,92,89,157,73,51,74,94,80,719,923,578,347,375,309,366,349,398,389,736,774,317,457,425,405
88583,13626,14398,32911,26422,9239,13947,20583,17455,14289,15299,15239,16867,19897,21469,13730,17526,16434,19157,17644,16443,25011,27139,14866,13512
88502,4229,2875,6252,5272,3263,3823,4662,3511,4234,3715,3080,3244,4874,4592,4157,5080,4641,6938,3771,2884,6609,6290,4486,4199
87877,438,393,740,666,346,488,25,265,491,536,642,580,520,463,471,502,478,603,579,548,664,553,680,330
85106,70,45,66,190,58,92,57,66,266,373,448,379,194,180,269,315,281,366,403,420,316,228,373,368
84181,134,75,107,114,69,118,82,100,4156,5186,2105,1556,1661,1757,969,1431,900,1096,2135,2450,1113,934,1003,994
49400,571,454,910,983,558,717,645,612,666,674,498,535,927,673,661,616,686,958,516,687,1272,827,571,643
48480,146,247,1441,1093,151,230,924,1293,161,195,222,303,394,297,276,185,264,249,198,206,718,540,332,270
48428,829,705,1682,1227,647,1028,968,892,872,925,746,727,1073,877,1203,982,1163,1345,714,628,1604,1340,921,933
47170,403,341,541,599,298,399,336,271,128,416,179,347,479,429,434,411,486,405,301,235,483,485,523,568
46413,415,396,813,720,387,547,535,487,643,737,490,540,725,562,550,551,627,738,452,508,742,706,520,638
46224,1018,802,1157,1179,626,855,843,688,1013,613,953,834,830,791,696,873,2394,926,712,582,1790,1016,789,767
46128,331,289,506,390,329,428,386,385,341,456,333,80,511,363,394,464,500,487,75,358,144,513,387,353
44230,4895,3701,7419,4368,4127,5355,4250,4600,4528,3503,2534,4131,3900,3985,5343,4823,6069,5836,1622,2465,5913,5859,4556,4842
43580,371,193,465,596,345,339,463,355,550,625,292,342,362,359,950,401,765,579,382,327,601,411,721,345
42357,458,220,865,675,366,562,576,291,1436,2124,746,1306,547,935,1676,710,1040,786,908,899,770,871,1342,373
42187,965,663,1356,1373,840,884,911,760,821,815,691,860,896,964,962,1003,717,1355,738,585,1381,1381,970,978
42161,949,725,1578,1308,3263,969,1261,805,4285,1064,3111,3359,1171,1106,4157,1099,4766,1500,901,813,1437,1479,1006,4199
41938,1175,944,1703,1756,1025,1319,1303,1093,1355,1136,969,1118,1243,1232,1334,1287,1457,1568,984,1095,1653,1699,1223,1164
41866,261,210,179,474,54,296,119,271,371,74,68,92,253,52,122,90,110,517,94,227,457,279,79,244
41811,445,561,1147,1070,312,563,601,361,782,641,299,764,665,599,831,640,482,642,422,444,1093,719,520,495
41808,560,485,1640,1521,420,765,811,500,1030,863,412,1012,718,881,1054,929,299,656,577,514,1376,857,672,617
41689,7197,10433,9816,9916,4552,9161,6372,6818,8110,13365,5833,4917,5191,5328,4917,5153,8256,8192,5536,5746,5282,6388,5278,5314
41688,302,297,569,451,341,391,421,358,295,282,241,287,348,333,354,373,381,454,322,262,536,461,434,389
34040,415,927,4085,4213,610,813,2831,2887,397,179,470,804,1029,1191,720,810,905,1023,558,697,2909,2860,1175,1026
33395,96,62,65,115,69,78,64,62,256,536,343,253,256,287,123,184,128,154,344,438,165,106,190,193
33282,580,530,162,381,256,670,251,247,6490,8130,4536,3325,3162,3390,2498,2789,2472,2656,3643,4241,1358,1302,2229,2167
31764,74,54,159,112,41,158,85,33,276,495,236,201,214,54,270,148,131,190,283,219,156,217,181,159
31460,606,517,1246,959,516,796,810,555,659,854,603,720,964,791,858,967,829,1070,737,770,1366,997,697,692
31408,651,628,1431,1396,591,809,1039,727,841,855,644,847,897,871,1047,885,1021,1121,714,706,1485,1060,844,828
31359,789,752,1656,1484,830,1064,1300,896,1111,1130,931,975,1406,1222,1190,1034,1298,1681,853,1079,1651,1443,972,1019
31285,966,795,1797,1558,848,1258,1582,992,1303,1355,917,1086,1476,1251,1217,1466,1579,1891,402,1173,1878,1566,1324,1206
31273,262,259,624,582,286,303,411,355,352,344,277,358,362,339,421,407,503,449,360,374,621,382,408,414
23635,990,765,1671,1348,733,1025,1215,848,1133,939,865,919,1214,1141,1020,1055,1211,1637,945,936,1567,1555,932,1038
22965,252,233,425,434,175,253,357,214,289,270,347,283,311,293,222,240,265,260,292,295,386,426,250,223
21885,709,464,1268,1216,607,728,843,659,687,850,624,616,871,672,866,536,792,852,595,721,1086,1129,731,1053
21763,673,423,1001,877,517,682,856,621,691,799,709,127,770,669,796,785,733,952,111,703,245,1009,816,975
21666,826,678,1219,1227,569,799,736,703,870,917,821,752,924,859,938,864,844,1066,762,807,1082,1139,784,906
21665,1445,1103,2290,1920,1214,1449,1531,1288,2307,2762,1841,1879,2329,2130,1990,2218,2057,2650,1826,2000,2523,2299,1945,2274
18503,447,281,663,687,313,397,381,391,417,311,309,333,385,408,445,402,466,526,302,261,572,561,331,435
18403,45,120,157,151,58,93,133,96,1150,655,545,433,275,479,285,763,247,94,761,429,486,147,344,221
18361,55,45,94,96,56,65,73,99,544,805,381,236,305,290,283,262,403,446,300,363,137,151,258,274
18347,1719,1543,2265,2272,1462,1593,1811,1378,3045,2153,1270,1711,1655,1710,1953,2014,2743,2827,1292,1236,2104,2432,2723,1918
17962,271,304,515,247,212,201,331,187,293,373,185,288,416,300,237,341,419,382,354,341,567,494,454,247
17663,94,71,237,159,76,78,157,123,476,959,1394,1153,636,649,354,333,338,252,1087,1261,770,927,363,456
17651,189,108,307,230,108,116,233,115,130,182,137,76,156,267,115,130,118,222,144,123,210,253,210,222
17250,2206,1918,3134,3295,1653,2273,2504,2128,920,1103,1187,921,616,682,880,871,1102,1044,753,914,965,891,859,908
17068,261,189,476,467,265,320,245,281,371,270,277,320,255,253,414,247,443,283,276,244,364,556,300,251
17044,55,44,104,93,91,136,91,86,311,340,207,201,173,171,134,169,189,156,277,281,129,178,199,157
16879,193,128,237,384,222,109,257,194,298,100,218,234,248,103,280,150,304,322,169,242,259,154,268,264
16757,594,468,862,905,480,704,645,395,630,554,535,577,625,447,639,600,733,703,511,581,876,908,715,611
16561,711,551,1004,1050,600,770,740,655,655,652,534,575,764,673,718,761,853,921,576,541,1045,1014,655,55
16370,305,260,428,474,246,282,277,302,272,236,248,287,331,293,334,290,368,444,257,192,386,375,313,253
14694,107,120,709,776,135,196,523,512,126,190,286,247,326,331,170,138,194,182,244,321,464,627,279,197
10962,147,100,484,504,98,218,375,406,185,125,106,136,149,201,137,148,180,255,121,167,400,453,265,176
8619,1225,1087,2775,2387,1337,1541,2112,809,6104,7621,3638,2873,3110,2929,1720,2410,2437,2071,3139,3195,859,1371,1697,2014
6767,162,108,550,491,133,150,462,326,163,96,292,241,371,365,153,197,241,192,309,326,555,654,244,156
5576,20654,14416,29099,32166,17881,22269,22004,19001,18500,15118,14184,17617,19348,19728,22025,19314,24915,24990,15482,14116,30900,27441,19270,22003
5523,542,413,971,327,182,283,572,254,550,507,160,195,509,444,336,562,195,617,441,468,714,845,626,174
5346,2888,2575,5399,4255,2540,3486,3439,2809,3478,3814,2875,2566,4369,3484,3305,3706,4139,5387,3121,3294,5169,4758,3177,3709
5263,81,50,134,70,51,67,119,81,3120,2768,1586,2038,2301,2069,2692,2510,753,825,1138,1197,2043,1965,2002,1627
4937,262,222,50,519,332,348,451,243,258,509,381,331,390,348,515,316,627,464,387,404,343,674,499,79
4930,23351,19052,35494,37329,18568,22755,25429,22866,26238,23025,19109,23563,25962,24699,25603,24612,30563,29880,20565,19970,35837,32896,25806,24608
4721,84,59,110,114,90,69,70,55,235,477,234,158,147,183,131,143,178,181,214,204,185,106,129,113
4709,72,44,76,114,32,40,102,61,543,714,567,419,411,349,409,421,610,471,555,590,484,497,557,529
4609,99,65,85,84,38,45,89,65,4123,3905,2373,2866,3356,2829,3708,3116,1025,1117,1583,1644,2490,2567,2523,2289
4529,52,45,72,76,55,55,77,56,568,942,558,523,616,604,1261,334,661,294,690,750,335,391,486,306
4526,1859,2394,1796,2008,1363,1892,1099,725,2920,4833,3317,2497,3412,4904,7938,6811,2586,3789,4044,2742,2554,2895,2444,3008
4265,514,434,849,564,333,376,676,340,735,628,357,369,475,561,359,462,451,637,552,522,758,863,607,350
4203,8574,5385,10928,12635,6656,7144,8605,7230,7333,5984,5727,6861,7650,8317,8297,8521,9314,10828,6388,4162,11676,11288,7840,7969
3258,783,959,2401,1788,746,1234,1797,1037,946,1137,1240,1309,1056,1147,1904,1215,1538,1260,1524,1343,1773,1693,1252,1239
3228,700,512,1212,1300,786,969,1032,503,656,540,578,687,843,775,1090,778,1207,970,478,568,1102,946,51,813
3122,53,355,318,347,80,415,77,168,381408,396387,248369,252691,249071,243138,282212,258550,74396,87382,166348,156968,188638,199277,186943,169132
2936,7325,5992,12384,11753,6103,8844,8629,7434,7907,6967,5919,7132,8431,8171,8619,8060,9304,10458,6708,6863,12408,10537,8106,8056
2260,44,270,374,263,161,331,214,193,330,149,439,241,290,232,193,134,424,300,273,235,595,472,118,299
2031,46,45,104,53,70,41,64,72,1889,3097,2254,825,2054,840,1189,433,698,858,2536,2893,937,520,1787,537
1981,124,88,268,211,132,124,187,142,1854,2949,2945,2443,2358,2190,1882,1810,626,660,2715,2971,955,1096,2383,2454
1925,3641,2683,5072,5707,2930,3740,3776,3405,3404,2885,2887,3242,3497,3668,3819,3709,4313,4667,2898,2418,5712,5149,3528,3614
1913,128,2895,1925,11980,2129,3085,3694,1730,4889,4468,3218,2369,4134,1870,889,3609,9854,5232,6853,2290,12524,10978,8180,3175
1912,680,593,1090,1263,256,843,801,903,866,920,770,160,788,764,939,806,917,957,121,638,154,1032,698,863
1909,931,651,1637,1728,868,1247,1246,1088,1113,1080,970,1030,1140,1182,1007,1078,1319,1354,920,837,1442,1505,1172,1059
1878,2610,2439,4996,4381,2318,3064,2978,2485,3595,3549,2546,2892,4070,3181,3452,3433,3790,4237,3022,3045,4632,3976,2817,3239
1875,2318,2137,4484,3527,1987,2583,2679,2107,2752,3286,2189,2355,3236,2768,2618,3047,3260,4135,2438,2627,3990,3913,2474,2827
1872,3128,2719,5850,4499,2916,3939,3777,3083,3644,4241,3064,2999,4662,3859,3516,4012,4641,5708,3451,3438,5633,4993,3434,3912
1869,643,739,1385,1659,648,505,956,1033,81,1226,1104,409,1151,1145,578,771,1250,651,1208,800,1432,1215,893,753
1862,15312,11649,23860,23685,12600,15415,17471,16721,16315,15513,14678,15313,18095,18642,15339,17942,18082,20227,13096,13568,24844,24420,14201,15550
1709,877,898,1578,1410,588,888,956,982,1046,1042,988,918,1133,1095,845,1075,1157,1246,929,877,1316,794,920,885
1704,217,119,181,174,119,219,164,59,111,85,229,208,172,203,108,127,197,115,262,137,69,255,486,145
1700,3283,2740,5035,5233,2585,3692,3596,3261,3563,3187,2750,3288,3650,3604,3474,3356,4134,4547,2842,2772,4797,4443,3474,3477
1675,597,138,215,431,456,1856,259,1144,333,345,717,686,154,233,1182,141,1420,180,127,175,199,346,162,906
1064,2226,2080,5425,4625,2608,2936,4054,1509,4050,3390,2797,4952,2658,4055,4852,3957,6069,4093,3762,3570,3633,4096,4366,1946
490,1131,1499,3297,2654,1384,2550,2072,1265,1021,1098,1125,1347,2206,1141,2565,1571,2201,1348,1617,1726,2001,1845,3061,2141
462,783,562,1215,1190,665,945,900,786,888,264,655,756,867,839,900,826,994,891,688,664,1253,797,792,431
443,10407,13513,25556,18873,6649,7983,16113,15615,13534,17343,14102,14268,19161,15686,10918,17833,12777,17451,12938,13223,20860,23296,11561,9860
257,212,84,426,387,206,237,217,250,153,106,96,119,214,135,218,254,112,202,138,62,343,263,145,190
168,1553,459,353,2040,1599,1328,200,165,3354,456,988,5352,10342,1555,4189,475,344,275,10959,7975,1430,2539,1897,4553
137,709,904,684,1934,860,346,1250,1266,1280,1274,1275,991,1326,1337,842,1192,1554,1464,1093,1158,1763,1712,1114,1101
99,57,46,103,107,46,55,94,74,24789,36960,11821,9620,8163,8882,11316,11677,5651,5670,7844,8709,3816,4318,5462,5151
62,4160,2962,6450,1868,3187,3596,4729,3629,4234,3874,3111,3244,4944,4575,4201,1708,4766,7116,3887,3101,6783,6389,4586,4046
47,5079,4157,8949,7004,4373,6059,6138,4615,5712,5592,4118,4406,6625,5935,5662,6680,6720,8647,4992,5083,9156,7859,5719,5880
39,23492,19389,37241,37604,19207,26592,26335,23538,25184,21382,20351,23233,25275,25586,25881,24119,30006,30562,20696,19453,35302,33714,25526,25177
